sku_id,sku_key,name,option,group,rg_actual,self_estimate,self_count,rg_inbound,unit_cost,note
2,cp:16195687836:YELLOW,"스위퍼 헤비듀티더스터 교체형 먼지털이 리필형(청소포 17매, 핸들 1개)",YELLOW,g2,0,5,2,0,24950,
3,cp:16322472945:블랙 270,밀레 하이크업 트레킹화 등산화 워킹화,블랙 270,g3,0,7,4,0,49900,2개 옵션 그룹 — 그룹 추정 7을 옵션별로 나눠 적는다
4,cp:16322472945:베이지 240,밀레 하이크업 트레킹화 등산화 워킹화,베이지 240,g3,0,7,2,0,49900,2개 옵션 그룹 — 그룹 추정 7을 옵션별로 나눠 적는다
7,cp:16281930813:혼합색상 / M,강아지 고양이 여름 쿨매트 라탄 쿨링 방석 사계절 침대,혼합색상 / M,g6,0,6,0,0,5576,
9,cp:16285108632:핑크 체크 / L,오염 걱정 없는 양면 방수 펫 쿨매트 (강아지 고양이 겸용),핑크 체크 / L,g8,3,3,0,0,4232,3개 옵션 그룹 — 그룹 추정 3을 옵션별로 나눠 적는다
10,cp:16285108632:핑크 체크 / M,오염 걱정 없는 양면 방수 펫 쿨매트 (강아지 고양이 겸용),핑크 체크 / M,g8,0,3,0,0,4232,3개 옵션 그룹 — 그룹 추정 3을 옵션별로 나눠 적는다
11,cp:16285108632:핑크 체크 / S,오염 걱정 없는 양면 방수 펫 쿨매트 (강아지 고양이 겸용),핑크 체크 / S,g8,3,3,0,0,4232,3개 옵션 그룹 — 그룹 추정 3을 옵션별로 나눠 적는다
13,cp:16269631748:4.5g,"[4회분] 닥터지 저자극 쿨링패치, 마일드업 선패치",4.5g,g10,0,8,8,0,4998,
14,cp:16273945706:핑크,"퐁실퐁실 아기 고양이 리본 파우치, 필통",핑크,g11,10,,0,0,,입고 기록 없음 · 2개 옵션 그룹 — 그룹 추정 null을 옵션별로 나눠 적는다 · 무효 판매 1개 — 추정이 부풀었을 수 있다
17,cp:16269612792:260ml,[6개입] 랩노쉬 프로틴 드링크 퍼펙트 미니 초코,260ml,g13,0,10,0,0,8373,무효 판매 15개 — 추정이 부풀었을 수 있다
18,cp:16173790455:330ml,불스원 크리스탈 듀얼코트 셀프 유리막코팅 발수코팅 스프레이,330ml,g14,0,1,1,0,10990,
22,cp:16310684324:블랙,"콜맨 접이식 캠핑 웨건, 손수레, 코스트코 판매제품",블랙,g18,0,1,3,0,71990,
24,cp:16284903958:블루 구름 (베개형 패드) / S,강아지 고양이 쿨매트 L자형 베개 냉감 애견 방석 침대,블루 구름 (베개형 패드) / S,g20,2,,0,0,,입고 기록 없음
25,cp:16284903958:블루 구름 (베개형 패드) / M,강아지 고양이 쿨매트 L자형 베개 냉감 애견 방석 침대,블루 구름 (베개형 패드) / M,g21,0,6,0,0,6701,무효 판매 1개 — 추정이 부풀었을 수 있다
28,cp:16241762355:40g / 화이트머스크&엠버향 + 토마토&리프향,라브아 퍼퓸 방향제 2개입 화이트머스크 + 토마토향,40g / 화이트머스크&엠버향 + 토마토&리프향,g24,0,16,0,0,9995,
29,cp:16209648179:85 8매,"게스 주니어 브리프, 주니어 팬티",85 8매,g25,0,2,0,0,19990,무효 판매 3개 — 추정이 부풀었을 수 있다
30,cp:16209648179:95 8매,"게스 주니어 브리프, 주니어 팬티",95 8매,g26,0,2,0,0,19990,무효 판매 3개 — 추정이 부풀었을 수 있다
31,cp:16209648179:90 8매,"게스 주니어 브리프, 주니어 팬티",90 8매,g27,0,3,0,0,19990,무효 판매 3개 — 추정이 부풀었을 수 있다
32,cp:16162161669:화이트 M,코스트코 커클랜드 반팔 티셔츠 6매 세트 크루넥 라운드넥 태그리스 기본 티셔츠,화이트 M,g28,0,10,0,0,26354,2개 옵션 그룹 — 그룹 추정 10을 옵션별로 나눠 적는다 · 무효 판매 6개 — 추정이 부풀었을 수 있다
33,cp:16162161669:화이트 XL,코스트코 커클랜드 반팔 티셔츠 6매 세트 크루넥 라운드넥 태그리스 기본 티셔츠,화이트 XL,g29,0,13,1,0,26913,무효 판매 9개 — 추정이 부풀었을 수 있다
34,cp:16162161669:화이트 L,코스트코 커클랜드 반팔 티셔츠 6매 세트 크루넥 라운드넥 태그리스 기본 티셔츠,화이트 L,g28,1,10,2,0,26354,2개 옵션 그룹 — 그룹 추정 10을 옵션별로 나눠 적는다 · 무효 판매 6개 — 추정이 부풀었을 수 있다
36,cp:16256947431:750ml,오스트레일리안 보태니컬 핸드워시 750ml + 여행용 소분 파우치 50ml,750ml,g31,0,52,15,0,6495,무효 판매 71개 — 추정이 부풀었을 수 있다
38,cp:16176798285:아이리스 AC 공기순환기 PCF-SC15T-CT,아이리스 AC 공기순환기 서큘레이터 저소음,아이리스 AC 공기순환기 PCF-SC15T-CT,g33,0,2,0,0,44990,
39,cp:16239531938:혼합색상 / 10개입,"LG생활건강, 리치 키즈 칫솔, 국내제조, 3세 이상",혼합색상 / 10개입,g34,0,9,0,0,9490,
40,cp:16221865937:90정,"코스트코 판매, 프리미엄 아쿠아셀 rTG 오메가-3, 비타민D, E 함량",90정,g35,0,3,0,0,23990,
41,cp:16268079070:2개입,"LED 라이트 트랩 본품 2입 + 리필 8입, 코스트코 전용제품",2개입,g36,0,15,4,0,23490,
42,cp:16184333435:블랙 M,컬럼비아 남성 반소매 티셔츠 그래픽 티셔츠 면 반소매 티셔츠 반팔 티셔츠,블랙 M,g37,0,9,0,0,16990,9개 옵션 그룹 — 그룹 추정 9을 옵션별로 나눠 적는다
43,cp:16184333435:블랙 L,컬럼비아 남성 반소매 티셔츠 그래픽 티셔츠 면 반소매 티셔츠 반팔 티셔츠,블랙 L,g37,0,9,0,0,16990,9개 옵션 그룹 — 그룹 추정 9을 옵션별로 나눠 적는다
44,cp:16184333435:블랙 XL,컬럼비아 남성 반소매 티셔츠 그래픽 티셔츠 면 반소매 티셔츠 반팔 티셔츠,블랙 XL,g37,0,9,0,0,16990,9개 옵션 그룹 — 그룹 추정 9을 옵션별로 나눠 적는다
45,cp:16184333435:화이트 M,컬럼비아 남성 반소매 티셔츠 그래픽 티셔츠 면 반소매 티셔츠 반팔 티셔츠,화이트 M,g37,0,9,0,0,16990,9개 옵션 그룹 — 그룹 추정 9을 옵션별로 나눠 적는다
46,cp:16184333435:화이트 L,컬럼비아 남성 반소매 티셔츠 그래픽 티셔츠 면 반소매 티셔츠 반팔 티셔츠,화이트 L,g37,0,9,0,0,16990,9개 옵션 그룹 — 그룹 추정 9을 옵션별로 나눠 적는다
47,cp:16184333435:화이트 XL,컬럼비아 남성 반소매 티셔츠 그래픽 티셔츠 면 반소매 티셔츠 반팔 티셔츠,화이트 XL,g37,0,9,0,0,16990,9개 옵션 그룹 — 그룹 추정 9을 옵션별로 나눠 적는다
48,cp:16184333435:다크스톤 M,컬럼비아 남성 반소매 티셔츠 그래픽 티셔츠 면 반소매 티셔츠 반팔 티셔츠,다크스톤 M,g37,0,9,0,0,16990,9개 옵션 그룹 — 그룹 추정 9을 옵션별로 나눠 적는다
49,cp:16184333435:다크스톤 L,컬럼비아 남성 반소매 티셔츠 그래픽 티셔츠 면 반소매 티셔츠 반팔 티셔츠,다크스톤 L,g37,0,9,0,0,16990,9개 옵션 그룹 — 그룹 추정 9을 옵션별로 나눠 적는다
50,cp:16184333435:다크스톤 XL,컬럼비아 남성 반소매 티셔츠 그래픽 티셔츠 면 반소매 티셔츠 반팔 티셔츠,다크스톤 XL,g37,0,9,0,0,16990,9개 옵션 그룹 — 그룹 추정 9을 옵션별로 나눠 적는다
51,cp:16166471789:M(100) 네이비,코오롱 브렌우드 남성 반소매 여름 니트 레귤러핏,M(100) 네이비,g38,0,-2,0,0,,5개 옵션 그룹 — 그룹 추정 -2을 옵션별로 나눠 적는다
52,cp:16166471789:L(105) 네이비,코오롱 브렌우드 남성 반소매 여름 니트 레귤러핏,L(105) 네이비,g38,0,-2,0,0,,5개 옵션 그룹 — 그룹 추정 -2을 옵션별로 나눠 적는다
53,cp:16166471789:M(100) 카키,코오롱 브렌우드 남성 반소매 여름 니트 레귤러핏,M(100) 카키,g38,0,-2,0,0,,5개 옵션 그룹 — 그룹 추정 -2을 옵션별로 나눠 적는다
54,cp:16166471789:M(100) 베이지,코오롱 브렌우드 남성 반소매 여름 니트 레귤러핏,M(100) 베이지,g38,0,-2,0,0,,5개 옵션 그룹 — 그룹 추정 -2을 옵션별로 나눠 적는다
55,cp:16166471789:L(105) 베이지,코오롱 브렌우드 남성 반소매 여름 니트 레귤러핏,L(105) 베이지,g38,0,-2,0,0,,5개 옵션 그룹 — 그룹 추정 -2을 옵션별로 나눠 적는다
68,cp:16262282429:510g,weet-bix 위트빅스 프로틴 바이트 시리얼 카라멜 크런치,510g,g51,0,108,45,0,7189,무효 판매 80개 — 추정이 부풀었을 수 있다
69,cp:16277519255:치킨말이고구마 / 1kg,"[100g x 10개입] 파미데이즈 애견 간식, 치킨말이 고구마, 코스트코 판매 제품",치킨말이고구마 / 1kg,g52,0,5,0,0,14790,
72,cp:16182237839:블루,코스트코 커클랜드 다용도 극세사 타월 10장 세차 청소,블루,g55,118,45,33,0,6071,무효 판매 163개 — 추정이 부풀었을 수 있다
73,cp:16182237839:옐로우,코스트코 커클랜드 다용도 극세사 타월 10장 세차 청소,옐로우,g56,61,192,83,0,6386,무효 판매 291개 — 추정이 부풀었을 수 있다
74,cp:16202992314:200g,"코스트코 보태니컬 비누, 선물용 답례품 포장 4가지 향, 고트밀크 위드 소야 빈 오일, 피치스 앤 크림, 릴리 필리 위드 와틀씨드 익스트랙트, 허니 앤 밀크",200g,g57,23,60,3,0,9995,무효 판매 73개 — 추정이 부풀었을 수 있다
75,cp:16260433531:단일상품,여행용 압축 파우치 6종 세트 수납가방 정리파우치 방수파우치 캐리어 정리,단일상품,g58,0,3,0,0,6960,무효 판매 4개 — 추정이 부풀었을 수 있다
77,cp:16320376213:화이트 M(95),"컬럼비아 남성 오버핏 민소매 나시티, 신축성 있는 원단, 헬스 짐웨어",화이트 M(95),g60,0,17,0,0,13470,8개 옵션 그룹 — 그룹 추정 17을 옵션별로 나눠 적는다
78,cp:16320376213:화이트 L(100),"컬럼비아 남성 오버핏 민소매 나시티, 신축성 있는 원단, 헬스 짐웨어",화이트 L(100),g60,0,17,0,0,13470,8개 옵션 그룹 — 그룹 추정 17을 옵션별로 나눠 적는다
79,cp:16320376213:블랙 M(95),"컬럼비아 남성 오버핏 민소매 나시티, 신축성 있는 원단, 헬스 짐웨어",블랙 M(95),g60,0,17,0,0,13470,8개 옵션 그룹 — 그룹 추정 17을 옵션별로 나눠 적는다
80,cp:16320376213:블랙 L(100),"컬럼비아 남성 오버핏 민소매 나시티, 신축성 있는 원단, 헬스 짐웨어",블랙 L(100),g60,0,17,0,0,13470,8개 옵션 그룹 — 그룹 추정 17을 옵션별로 나눠 적는다
81,cp:16320376213:블랙 XL(105),"컬럼비아 남성 오버핏 민소매 나시티, 신축성 있는 원단, 헬스 짐웨어",블랙 XL(105),g60,0,17,0,0,13470,8개 옵션 그룹 — 그룹 추정 17을 옵션별로 나눠 적는다
82,cp:16320376213:화이트 XXL(110),"컬럼비아 남성 오버핏 민소매 나시티, 신축성 있는 원단, 헬스 짐웨어",화이트 XXL(110),g60,0,17,0,0,13470,8개 옵션 그룹 — 그룹 추정 17을 옵션별로 나눠 적는다
83,cp:16320376213:화이트 XL(105),"컬럼비아 남성 오버핏 민소매 나시티, 신축성 있는 원단, 헬스 짐웨어",화이트 XL(105),g60,0,17,0,0,13470,8개 옵션 그룹 — 그룹 추정 17을 옵션별로 나눠 적는다
84,cp:16320376213:블랙 XXL(110),"컬럼비아 남성 오버핏 민소매 나시티, 신축성 있는 원단, 헬스 짐웨어",블랙 XXL(110),g60,0,17,0,0,13470,8개 옵션 그룹 — 그룹 추정 17을 옵션별로 나눠 적는다
85,cp:16289878814:FREE 로즈,"아이더 호보백 4L 경량 데일리 크로스백, 메신저 가방, 코스트코 판매제품",FREE 로즈,g61,0,3,0,0,29990,2개 옵션 그룹 — 그룹 추정 3을 옵션별로 나눠 적는다 · 무효 판매 2개 — 추정이 부풀었을 수 있다
86,cp:16289878814:FREE 베이지,"아이더 호보백 4L 경량 데일리 크로스백, 메신저 가방, 코스트코 판매제품",FREE 베이지,g61,0,3,0,0,29990,2개 옵션 그룹 — 그룹 추정 3을 옵션별로 나눠 적는다 · 무효 판매 2개 — 추정이 부풀었을 수 있다
87,cp:16223421628:1입,"구강청결제, 듀오버스터 민트볼",1입,g62,0,120,0,0,3997,무효 판매 129개 — 추정이 부풀었을 수 있다
88,cp:16239466971:30개,아머올 자동차 실내 다용도 클리닝 티슈 30매,30개,g63,0,17,0,0,4248,무효 판매 16개 — 추정이 부풀었을 수 있다
89,cp:16239632054:XL 혼합색상,코스트코 디아도라 남성 여름용 팬티 세트 브리프 5매,XL 혼합색상,g64,1,2,0,0,21990,무효 판매 4개 — 추정이 부풀었을 수 있다
90,cp:16239632054:L 혼합색상,코스트코 디아도라 남성 여름용 팬티 세트 브리프 5매,L 혼합색상,g65,0,3,0,0,21990,2개 옵션 그룹 — 그룹 추정 3을 옵션별로 나눠 적는다 · 무효 판매 3개 — 추정이 부풀었을 수 있다
91,cp:16166599481:M 네이비/그레이/블랙,캘빈클라인 남성 박서브리프 3매 세트 코튼 스트레치 로고밴드 속옷,M 네이비/그레이/블랙,g66,0,2,0,0,29990,2개 옵션 그룹 — 그룹 추정 2을 옵션별로 나눠 적는다 · 무효 판매 8개 — 추정이 부풀었을 수 있다
92,cp:16166599481:L 네이비/그레이/블랙,캘빈클라인 남성 박서브리프 3매 세트 코튼 스트레치 로고밴드 속옷,L 네이비/그레이/블랙,g66,0,2,0,0,29990,2개 옵션 그룹 — 그룹 추정 2을 옵션별로 나눠 적는다 · 무효 판매 8개 — 추정이 부풀었을 수 있다
94,cp:16331077526:그레이 34,"잉글리쉬런더리 남성 반바지 5부 반바지, 코스트코 판매제품",그레이 34,g68,0,3,0,0,9970,4개 옵션 그룹 — 그룹 추정 3을 옵션별로 나눠 적는다
95,cp:16331077526:베이지 32,"잉글리쉬런더리 남성 반바지 5부 반바지, 코스트코 판매제품",베이지 32,g68,0,3,0,0,9970,4개 옵션 그룹 — 그룹 추정 3을 옵션별로 나눠 적는다
96,cp:16331077526:그레이 32,"잉글리쉬런더리 남성 반바지 5부 반바지, 코스트코 판매제품",그레이 32,g68,0,3,0,0,9970,4개 옵션 그룹 — 그룹 추정 3을 옵션별로 나눠 적는다
97,cp:16331077526:베이지 34,"잉글리쉬런더리 남성 반바지 5부 반바지, 코스트코 판매제품",베이지 34,g68,1,3,0,0,9970,4개 옵션 그룹 — 그룹 추정 3을 옵션별로 나눠 적는다
98,cp:16239484102:30개,"아머올 자동차 유리 세정 티슈 30매, 썬팅 유리 세정",30개,g69,0,28,0,0,4248,무효 판매 27개 — 추정이 부풀었을 수 있다
99,cp:16264055824:단일상품,"마스터 버니 스포츠 얼음 주머니, 골프 얼음 주머니, 아이스팩, 코스트코 판매 제품",단일상품,g70,0,98,0,0,12990,무효 판매 92개 — 추정이 부풀었을 수 있다
101,cp:16330892121:L(105) 화이트,나이키 MLB 다저스 오타니 쇼헤이 17번 네임 앤 넘버 반팔 티셔츠,L(105) 화이트,g72,0,17,0,0,27210,3개 옵션 그룹 — 그룹 추정 17을 옵션별로 나눠 적는다
102,cp:16330892121:XL(110) 화이트,나이키 MLB 다저스 오타니 쇼헤이 17번 네임 앤 넘버 반팔 티셔츠,XL(110) 화이트,g72,0,17,0,0,27210,3개 옵션 그룹 — 그룹 추정 17을 옵션별로 나눠 적는다
103,cp:16330892121:L(105) 블루,나이키 MLB 다저스 오타니 쇼헤이 17번 네임 앤 넘버 반팔 티셔츠,L(105) 블루,g72,0,17,0,0,27210,3개 옵션 그룹 — 그룹 추정 17을 옵션별로 나눠 적는다
104,cp:16335592821:95ml / 95g,도미나스 기미케어 크림 EX 50g + 15g 3개입 미백 주름개선 기능성 화장품,95ml / 95g,g73,0,2,0,0,37990,무효 판매 1개 — 추정이 부풀었을 수 있다
112,cp:16322394185:L(100) 다크네이비/네이비,"[1+1] 코데즈컴바인 남성 라운지 반바지, 코스트코 판매 제품",L(100) 다크네이비/네이비,g81,0,1,0,0,17490,
114,cp:16351744951:105(L) 블랙,트루릴리젼 남성 긴소매 크루넥 맨투맨 블랙,105(L) 블랙,g83,1,,0,0,,입고 기록 없음
118,cp:16339304983:L(100) 아이보리,예일 YALE 남녀공용 오버핏 후드티 아치로고 자수 캥거루포켓 봄가을 후드 티셔츠,L(100) 아이보리,g87,0,-4,0,0,,12개 옵션 그룹 — 그룹 추정 -4을 옵션별로 나눠 적는다
119,cp:16339304983:S(90) 아이보리,예일 YALE 남녀공용 오버핏 후드티 아치로고 자수 캥거루포켓 봄가을 후드 티셔츠,S(90) 아이보리,g87,0,-4,0,0,,12개 옵션 그룹 — 그룹 추정 -4을 옵션별로 나눠 적는다
120,cp:16339304983:S(90) 멜란지그레이,예일 YALE 남녀공용 오버핏 후드티 아치로고 자수 캥거루포켓 봄가을 후드 티셔츠,S(90) 멜란지그레이,g87,0,-4,0,0,,12개 옵션 그룹 — 그룹 추정 -4을 옵션별로 나눠 적는다
121,cp:16339304983:XL(105) 아이보리,예일 YALE 남녀공용 오버핏 후드티 아치로고 자수 캥거루포켓 봄가을 후드 티셔츠,XL(105) 아이보리,g87,0,-4,0,0,,12개 옵션 그룹 — 그룹 추정 -4을 옵션별로 나눠 적는다
122,cp:16339304983:XL(105) 멜란지그레이,예일 YALE 남녀공용 오버핏 후드티 아치로고 자수 캥거루포켓 봄가을 후드 티셔츠,XL(105) 멜란지그레이,g87,0,-4,0,0,,12개 옵션 그룹 — 그룹 추정 -4을 옵션별로 나눠 적는다
123,cp:16339304983:L(100) 네이비,예일 YALE 남녀공용 오버핏 후드티 아치로고 자수 캥거루포켓 봄가을 후드 티셔츠,L(100) 네이비,g87,0,-4,0,0,,12개 옵션 그룹 — 그룹 추정 -4을 옵션별로 나눠 적는다
124,cp:16339304983:L(100) 멜란지그레이,예일 YALE 남녀공용 오버핏 후드티 아치로고 자수 캥거루포켓 봄가을 후드 티셔츠,L(100) 멜란지그레이,g87,0,-4,0,0,,12개 옵션 그룹 — 그룹 추정 -4을 옵션별로 나눠 적는다
125,cp:16339304983:M(95) 아이보리,예일 YALE 남녀공용 오버핏 후드티 아치로고 자수 캥거루포켓 봄가을 후드 티셔츠,M(95) 아이보리,g87,0,-4,0,0,,12개 옵션 그룹 — 그룹 추정 -4을 옵션별로 나눠 적는다
126,cp:16339304983:M(95) 네이비,예일 YALE 남녀공용 오버핏 후드티 아치로고 자수 캥거루포켓 봄가을 후드 티셔츠,M(95) 네이비,g87,0,-4,0,0,,12개 옵션 그룹 — 그룹 추정 -4을 옵션별로 나눠 적는다
127,cp:16339304983:M(95) 멜란지그레이,예일 YALE 남녀공용 오버핏 후드티 아치로고 자수 캥거루포켓 봄가을 후드 티셔츠,M(95) 멜란지그레이,g87,0,-4,0,0,,12개 옵션 그룹 — 그룹 추정 -4을 옵션별로 나눠 적는다
128,cp:16339304983:S(90) 네이비,예일 YALE 남녀공용 오버핏 후드티 아치로고 자수 캥거루포켓 봄가을 후드 티셔츠,S(90) 네이비,g87,0,-4,0,0,,12개 옵션 그룹 — 그룹 추정 -4을 옵션별로 나눠 적는다
129,cp:16339304983:XL(105) 네이비,예일 YALE 남녀공용 오버핏 후드티 아치로고 자수 캥거루포켓 봄가을 후드 티셔츠,XL(105) 네이비,g87,0,-4,0,0,,12개 옵션 그룹 — 그룹 추정 -4을 옵션별로 나눠 적는다
130,cp:16344861379:110(XL) 그레이,트루릴리젼 남성 긴소매 크루넥 맨투맨 그레이,110(XL) 그레이,g88,4,-4,0,0,24990,4개 옵션 그룹 — 그룹 추정 -4을 옵션별로 나눠 적는다
131,cp:16344861379:100(M) 그레이,트루릴리젼 남성 긴소매 크루넥 맨투맨 그레이,100(M) 그레이,g88,1,-4,0,0,24990,4개 옵션 그룹 — 그룹 추정 -4을 옵션별로 나눠 적는다
132,cp:16344861379:105(L) 그레이,트루릴리젼 남성 긴소매 크루넥 맨투맨 그레이,105(L) 그레이,g88,3,-4,0,0,24990,4개 옵션 그룹 — 그룹 추정 -4을 옵션별로 나눠 적는다
133,cp:16344861379:95(S) 그레이,트루릴리젼 남성 긴소매 크루넥 맨투맨 그레이,95(S) 그레이,g88,0,-4,0,0,24990,4개 옵션 그룹 — 그룹 추정 -4을 옵션별로 나눠 적는다
134,cp:16344826383:1010g,"폴바셋 시그니처 블렌드 풀 포텐셜 홀빈 원두 1.01kg, 1개",1010g,g89,0,3,0,0,27990,
136,cp:16346825120:화이트+그레이스트라이프 150,마크곤잘레스 키즈 긴팔 티셔츠 2매 세트 130-160,화이트+그레이스트라이프 150,g91,3,,0,0,,입고 기록 없음
146,cp:16346154533:90정,"덴프스 트루다이어트 올인원 30포 체지방 감소, 에너지 대사, 밸런스 멀티팩",90정,g100,0,2,3,0,28990,
147,cp:16364312688:블랙 / S,비지트인뉴욕 여성 니트 가디건 레이어드 세트,블랙 / S,g101,0,2,0,0,24990,9개 옵션 그룹 — 그룹 추정 2을 옵션별로 나눠 적는다
148,cp:16364312688:블랙 / M,비지트인뉴욕 여성 니트 가디건 레이어드 세트,블랙 / M,g101,0,2,0,0,24990,9개 옵션 그룹 — 그룹 추정 2을 옵션별로 나눠 적는다
149,cp:16364312688:블랙 / L,비지트인뉴욕 여성 니트 가디건 레이어드 세트,블랙 / L,g101,0,2,1,0,24990,9개 옵션 그룹 — 그룹 추정 2을 옵션별로 나눠 적는다
150,cp:16364312688:그레이 / S,비지트인뉴욕 여성 니트 가디건 레이어드 세트,그레이 / S,g101,0,2,0,0,24990,9개 옵션 그룹 — 그룹 추정 2을 옵션별로 나눠 적는다
151,cp:16364312688:그레이 / M,비지트인뉴욕 여성 니트 가디건 레이어드 세트,그레이 / M,g101,0,2,0,0,24990,9개 옵션 그룹 — 그룹 추정 2을 옵션별로 나눠 적는다
152,cp:16364312688:그레이 / L,비지트인뉴욕 여성 니트 가디건 레이어드 세트,그레이 / L,g101,0,2,0,0,24990,9개 옵션 그룹 — 그룹 추정 2을 옵션별로 나눠 적는다
153,cp:16364312688:브라운 / S,비지트인뉴욕 여성 니트 가디건 레이어드 세트,브라운 / S,g101,0,2,0,0,24990,9개 옵션 그룹 — 그룹 추정 2을 옵션별로 나눠 적는다
154,cp:16364312688:브라운 / M,비지트인뉴욕 여성 니트 가디건 레이어드 세트,브라운 / M,g101,0,2,0,0,24990,9개 옵션 그룹 — 그룹 추정 2을 옵션별로 나눠 적는다
155,cp:16364312688:브라운 / L,비지트인뉴욕 여성 니트 가디건 레이어드 세트,브라운 / L,g101,0,2,1,0,24990,9개 옵션 그룹 — 그룹 추정 2을 옵션별로 나눠 적는다
156,cp:16368019403:260g,비첸향 골든코인 육포 260g 싱가포르 박과 개별진공포장 국내산 돼지고기,260g,g102,0,1,3,0,15490,
164,cp:16368156484:330ml,매일유업 퓨어틴 초코 쉐이크 330ml 단백질쉐이크 단백질음료 프로틴음료,330ml,g107,0,3,1,0,21658,실사 11병 = 6개입 1팩 + 낱병 5(낱병은 다음 입고와 합쳐 팩이 되면 넣는다 · 사용자 2026-09-26)
193,cp:16196654459:93.5g,코스트코 커클랜드 전자레인지 팝콘 10봉 (93.5g x 10봉),93.5g,g136,0,47,0,0,6354,무효 판매 74개 — 추정이 부풀었을 수 있다
212,cp:16278657003:화이트그레이 2단,"옷 늘어남 방지 접이식 니트 평건조대 속옷 양말 건조망, 니트 어깨 뿔 방지",화이트그레이 2단,g155,1,,0,0,,입고 기록 없음
214,cp:16239610526:XL 혼합색상,디아도라 남성 냉감 브리프,XL 혼합색상,g65,0,3,0,0,21990,2개 옵션 그룹 — 그룹 추정 3을 옵션별로 나눠 적는다 · 무효 판매 3개 — 추정이 부풀었을 수 있다
1,cp:16172383277:옐로우,코스트코 커클랜드 다용도 극세사 타월 36장 세차 청소,옐로우,g1,0,0,0,0,,
5,cp:16310708972:블랙,"Artika LED 태양광 스트링 라이트 12.8m, 20구",블랙,g4,0,,0,0,,입고 기록 없음
6,cp:16281930813:혼합색상 / S,강아지 고양이 여름 쿨매트 라탄 쿨링 방석 사계절 침대,혼합색상 / S,g5,0,,0,0,,입고 기록 없음
8,cp:16281930813:혼합색상 / L,강아지 고양이 여름 쿨매트 라탄 쿨링 방석 사계절 침대,혼합색상 / L,g7,0,,0,0,,입고 기록 없음
12,cp:16294829666:40x60 라이트블루,"[1+1]씰리 아이스 프레쉬 냉감 베개 2P, 코스트코 인기 제품",40x60 라이트블루,g9,0,,0,0,,입고 기록 없음
15,cp:16273945706:민트,"퐁실퐁실 아기 고양이 리본 파우치, 필통",민트,g12,0,,0,0,,입고 기록 없음
16,cp:16273945706:화이트,"퐁실퐁실 아기 고양이 리본 파우치, 필통",화이트,g11,0,,0,0,,입고 기록 없음 · 2개 옵션 그룹 — 그룹 추정 null을 옵션별로 나눠 적는다 · 무효 판매 1개 — 추정이 부풀었을 수 있다
19,cp:16246444021:와이드뒤집개+국자+스패츌라+알뜰주걱+잼스푼 / 혼합색상,"코스트코, 실리만 실리콘 조리도구 세트 6p",와이드뒤집개+국자+스패츌라+알뜰주걱+잼스푼 / 혼합색상,g15,0,0,0,0,,
20,cp:16294850713:450ml,"[2+1] 유니참 뿌려쓰는 탈취제, 고양이 모레 탈취제, 코튼 네추럴 비누향, 코스트코 인기 제품",450ml,g16,0,,0,0,,입고 기록 없음
21,cp:16310734185:화이트,"[1+1] 코스트코 판매제품, Infinity X1 스트링 라이트, 캠핑 줄 랜턴, 감성 조명",화이트,g17,0,,0,0,,입고 기록 없음
23,cp:16310684324:레드,"콜맨 접이식 캠핑 웨건, 손수레, 코스트코 판매제품",레드,g19,0,,0,0,,입고 기록 없음
26,cp:16284903958:블루 구름 (베개형 패드) / L,강아지 고양이 쿨매트 L자형 베개 냉감 애견 방석 침대,블루 구름 (베개형 패드) / L,g22,0,,0,0,,입고 기록 없음
27,cp:16185702268:FREE 블랙,네파 썬보트 바이저 햇빛가리개모자 자외선차단모자 자외선차단썬캡,FREE 블랙,g23,0,0,0,0,,
35,cp:16162161669:화이트 S,코스트코 커클랜드 반팔 티셔츠 6매 세트 크루넥 라운드넥 태그리스 기본 티셔츠,화이트 S,g30,0,-1,0,0,,
37,cp:16174790676:4.1kg,코스트코 전자레인지 팝콘 4.1kg,4.1kg,g32,0,,0,0,,입고 기록 없음
56,cp:16209771030:그린 M,"아이더 남성 반소매 아이스 폴로, 남성 쿨카라티셔츠, 여름 카라티셔츠",그린 M,g39,0,,0,0,,입고 기록 없음
57,cp:16209771030:그린 L,"아이더 남성 반소매 아이스 폴로, 남성 쿨카라티셔츠, 여름 카라티셔츠",그린 L,g40,0,,0,0,,입고 기록 없음
58,cp:16209771030:그린 XL,"아이더 남성 반소매 아이스 폴로, 남성 쿨카라티셔츠, 여름 카라티셔츠",그린 XL,g41,0,0,0,0,,
59,cp:16209771030:그린 XXL,"아이더 남성 반소매 아이스 폴로, 남성 쿨카라티셔츠, 여름 카라티셔츠",그린 XXL,g42,0,,0,0,,입고 기록 없음
60,cp:16209771030:네이비 M,"아이더 남성 반소매 아이스 폴로, 남성 쿨카라티셔츠, 여름 카라티셔츠",네이비 M,g43,0,,0,0,,입고 기록 없음
61,cp:16209771030:네이비 L,"아이더 남성 반소매 아이스 폴로, 남성 쿨카라티셔츠, 여름 카라티셔츠",네이비 L,g44,0,,0,0,,입고 기록 없음
62,cp:16209771030:네이비 XL,"아이더 남성 반소매 아이스 폴로, 남성 쿨카라티셔츠, 여름 카라티셔츠",네이비 XL,g45,0,,0,0,,입고 기록 없음
63,cp:16209771030:네이비 XXL,"아이더 남성 반소매 아이스 폴로, 남성 쿨카라티셔츠, 여름 카라티셔츠",네이비 XXL,g46,0,,0,0,,입고 기록 없음
64,cp:16209771030:블랙 M,"아이더 남성 반소매 아이스 폴로, 남성 쿨카라티셔츠, 여름 카라티셔츠",블랙 M,g47,0,,0,0,,입고 기록 없음
65,cp:16209771030:블랙 L,"아이더 남성 반소매 아이스 폴로, 남성 쿨카라티셔츠, 여름 카라티셔츠",블랙 L,g48,0,,0,0,,입고 기록 없음
66,cp:16209771030:블랙 XL,"아이더 남성 반소매 아이스 폴로, 남성 쿨카라티셔츠, 여름 카라티셔츠",블랙 XL,g49,0,,0,0,,입고 기록 없음
67,cp:16209771030:블랙 XXL,"아이더 남성 반소매 아이스 폴로, 남성 쿨카라티셔츠, 여름 카라티셔츠",블랙 XXL,g50,0,,0,0,,입고 기록 없음
70,cp:16277816341:60정,덴프스 엔엠엔 NMN 250 700mg x 60정 30일분,60정,g53,0,0,10,0,,무효 판매 1개 — 추정이 부풀었을 수 있다
71,cp:16263936282:45g,"LABNOSH 랩노쉬 슬림쉐이크 더블초코, 다이어트 쉐이크, 단백질 쉐이크, 랩노쉬 신상 쉐이크",45g,g54,0,-21,0,0,,무효 판매 31개 — 추정이 부풀었을 수 있다
76,cp:16202985161:200g,"코스트코 보태니컬 비누, 선물용 답례품 포장 4가지 향, 알로에 베라 위드 그린 티 익스트랙트, 와일드 베리 크러쉬, 프란지파니 위드 이브닝 프림로즈 오일, 핑크 리치",200g,g59,0,0,0,0,,
93,cp:16262230452:100ml,다슈 울트라 홀딩 파워 왁스,100ml,g67,0,-24,0,0,,무효 판매 24개 — 추정이 부풀었을 수 있다
100,cp:16320666229:1개입,"라비오라 각질 순삭 보습 관리 팩 레몬 허니 워시오프 팩 150g, 코스트코 판매제품",1개입,g71,0,-11,0,0,,무효 판매 3개 — 추정이 부풀었을 수 있다
105,cp:16322394185:M(95) 네이비블루/블루,"[1+1] 코데즈컴바인 남성 라운지 반바지, 코스트코 판매 제품",M(95) 네이비블루/블루,g74,0,,0,0,,입고 기록 없음
106,cp:16322394185:L(100) 네이비블루/블루,"[1+1] 코데즈컴바인 남성 라운지 반바지, 코스트코 판매 제품",L(100) 네이비블루/블루,g75,0,,0,0,,입고 기록 없음
107,cp:16322394185:XL(105) 네이비블루/블루,"[1+1] 코데즈컴바인 남성 라운지 반바지, 코스트코 판매 제품",XL(105) 네이비블루/블루,g76,0,,0,0,,입고 기록 없음
108,cp:16322394185:M(95) 네이비/그린,"[1+1] 코데즈컴바인 남성 라운지 반바지, 코스트코 판매 제품",M(95) 네이비/그린,g77,0,,0,0,,입고 기록 없음
109,cp:16322394185:L(100) 네이비/그린,"[1+1] 코데즈컴바인 남성 라운지 반바지, 코스트코 판매 제품",L(100) 네이비/그린,g78,0,,0,0,,입고 기록 없음
110,cp:16322394185:XL(105) 네이비/그린,"[1+1] 코데즈컴바인 남성 라운지 반바지, 코스트코 판매 제품",XL(105) 네이비/그린,g79,0,,0,0,,입고 기록 없음
111,cp:16322394185:M(95) 다크네이비/네이비,"[1+1] 코데즈컴바인 남성 라운지 반바지, 코스트코 판매 제품",M(95) 다크네이비/네이비,g80,0,,0,0,,입고 기록 없음
113,cp:16322394185:XL(105) 다크네이비/네이비,"[1+1] 코데즈컴바인 남성 라운지 반바지, 코스트코 판매 제품",XL(105) 다크네이비/네이비,g82,0,,0,0,,입고 기록 없음
115,cp:16351744951:100(M) 블랙,트루릴리젼 남성 긴소매 크루넥 맨투맨 블랙,100(M) 블랙,g84,0,,0,0,,입고 기록 없음
116,cp:16351744951:110(XL) 블랙,트루릴리젼 남성 긴소매 크루넥 맨투맨 블랙,110(XL) 블랙,g85,0,,0,0,,입고 기록 없음
117,cp:16351744951:95(S) 블랙,트루릴리젼 남성 긴소매 크루넥 맨투맨 블랙,95(S) 블랙,g86,0,,0,0,,입고 기록 없음
135,cp:16346825120:화이트+그레이스트라이프 160,마크곤잘레스 키즈 긴팔 티셔츠 2매 세트 130-160,화이트+그레이스트라이프 160,g90,0,,0,0,,입고 기록 없음 · 2개 옵션 그룹 — 그룹 추정 null을 옵션별로 나눠 적는다
137,cp:16346825120:그레이+네이비스트라이프 130,마크곤잘레스 키즈 긴팔 티셔츠 2매 세트 130-160,그레이+네이비스트라이프 130,g92,0,,0,0,,입고 기록 없음
138,cp:16346825120:그레이+네이비스트라이프 140,마크곤잘레스 키즈 긴팔 티셔츠 2매 세트 130-160,그레이+네이비스트라이프 140,g93,0,,0,0,,입고 기록 없음
139,cp:16346825120:화이트+그레이스트라이프 140,마크곤잘레스 키즈 긴팔 티셔츠 2매 세트 130-160,화이트+그레이스트라이프 140,g94,0,,0,0,,입고 기록 없음
140,cp:16346825120:화이트+그레이스트라이프 130,마크곤잘레스 키즈 긴팔 티셔츠 2매 세트 130-160,화이트+그레이스트라이프 130,g95,0,,0,0,,입고 기록 없음
141,cp:16346825120:그레이+네이비스트라이프 150,마크곤잘레스 키즈 긴팔 티셔츠 2매 세트 130-160,그레이+네이비스트라이프 150,g96,0,,0,0,,입고 기록 없음
142,cp:16346825120:그레이+네이비스트라이프 160,마크곤잘레스 키즈 긴팔 티셔츠 2매 세트 130-160,그레이+네이비스트라이프 160,g90,0,,0,0,,입고 기록 없음 · 2개 옵션 그룹 — 그룹 추정 null을 옵션별로 나눠 적는다
143,cp:16349039276:블랙 / 250mm,퐁실퐁실 리본자수 극세사 거실 슬리퍼 실내화 커플 룸슈즈 250mm,블랙 / 250mm,g97,0,,0,0,,입고 기록 없음
144,cp:16349039276:아이보리 / 250mm,퐁실퐁실 리본자수 극세사 거실 슬리퍼 실내화 커플 룸슈즈 250mm,아이보리 / 250mm,g98,0,,0,0,,입고 기록 없음
145,cp:16368061145:12ml / 12g,뉴트리원 유기농 올리브 레몬 세트 스페인산 엑스트라버진 올리브오일 40포 + 레몬즙 40포 명절 선물세트,12ml / 12g,g99,0,,0,0,,입고 기록 없음
157,cp:16370591465:750ml,오스트레일리안 보태니컬 핸드워시 샌달우드 750ml + 여행용 소분 파우치 50ml,750ml,g103,0,,0,0,,입고 기록 없음
158,cp:16375917672:155 (키 155cm 전후),노티카 키즈 후드집업 주니어 아동 남녀공용 오버핏 후디,155 (키 155cm 전후),g104,0,,0,0,,입고 기록 없음 · 3개 옵션 그룹 — 그룹 추정 null을 옵션별로 나눠 적는다
159,cp:16375917672:165 (키 160cm 이상),노티카 키즈 후드집업 주니어 아동 남녀공용 오버핏 후디,165 (키 160cm 이상),g104,0,,0,0,,입고 기록 없음 · 3개 옵션 그룹 — 그룹 추정 null을 옵션별로 나눠 적는다
160,cp:16375917672:아이보리 165 (키 160cm 이상),노티카 키즈 후드집업 주니어 아동 남녀공용 오버핏 후디,아이보리 165 (키 160cm 이상),g104,0,,0,0,,입고 기록 없음 · 3개 옵션 그룹 — 그룹 추정 null을 옵션별로 나눠 적는다
161,cp:16390389215:34ml,도미나스 하이퍼 피토닝 앰플 Ex 트라넥삼산 기미 20ml + 7ml 2개,34ml,g105,0,,0,0,,입고 기록 없음
162,cp:16376323038:330ml,매일유업 퓨어틴 커피 쉐이크 330ml 단백질쉐이크 단백질커피 프로틴음료,330ml,g106,0,,0,0,,입고 기록 없음
165,cp:16384057207:블랙 (39×30cm · 손잡이 포함),코듀로이 노트북 파우치 가방 손잡이 분리형 13~15인치 블랙,블랙 (39×30cm · 손잡이 포함),g108,0,,0,0,,입고 기록 없음
166,cp:16383239450:,독일 카밀 핸드크림 세트 클래식 133ml 2개 + 라벤더 75ml + 인텐시브 30ml,,g109,0,,0,0,,입고 기록 없음
167,cp:16383055524:그레이 FW20,보이러 FW20 풋워머 전기 발난로 발보온기 사무실 겨울 온열기,그레이 FW20,g110,0,,0,0,,입고 기록 없음
168,cp:16380884443:,캐스키드슨 브리티시 가든 바디케어 6종 선물세트 바디워시 바디로션 각 450ml,,g111,0,,0,0,,입고 기록 없음
169,cp:16375738526:카키 / 78(30),케네스콜 남성 워싱 코튼 팬츠 치노 면바지 5포켓,카키 / 78(30),g112,0,,0,0,,입고 기록 없음
170,cp:16375738526:카키 / 82(32),케네스콜 남성 워싱 코튼 팬츠 치노 면바지 5포켓,카키 / 82(32),g113,0,,0,0,,입고 기록 없음
171,cp:16375738526:카키 / 86(34),케네스콜 남성 워싱 코튼 팬츠 치노 면바지 5포켓,카키 / 86(34),g114,0,,0,0,,입고 기록 없음
172,cp:16375738526:카키 / 90(36),케네스콜 남성 워싱 코튼 팬츠 치노 면바지 5포켓,카키 / 90(36),g115,0,,0,0,,입고 기록 없음
173,cp:16375738526:차콜 / 78(30),케네스콜 남성 워싱 코튼 팬츠 치노 면바지 5포켓,차콜 / 78(30),g116,0,,0,0,,입고 기록 없음
174,cp:16375738526:차콜 / 82(32),케네스콜 남성 워싱 코튼 팬츠 치노 면바지 5포켓,차콜 / 82(32),g117,0,,0,0,,입고 기록 없음
175,cp:16375738526:차콜 / 86(34),케네스콜 남성 워싱 코튼 팬츠 치노 면바지 5포켓,차콜 / 86(34),g118,0,,0,0,,입고 기록 없음
176,cp:16375738526:차콜 / 90(36),케네스콜 남성 워싱 코튼 팬츠 치노 면바지 5포켓,차콜 / 90(36),g119,0,,0,0,,입고 기록 없음
177,cp:16375738526:베이지 / 78(30),케네스콜 남성 워싱 코튼 팬츠 치노 면바지 5포켓,베이지 / 78(30),g120,0,,0,0,,입고 기록 없음
178,cp:16375738526:베이지 / 82(32),케네스콜 남성 워싱 코튼 팬츠 치노 면바지 5포켓,베이지 / 82(32),g121,0,,0,0,,입고 기록 없음
179,cp:16375738526:베이지 / 86(34),케네스콜 남성 워싱 코튼 팬츠 치노 면바지 5포켓,베이지 / 86(34),g122,0,,0,0,,입고 기록 없음
180,cp:16375738526:베이지 / 90(36),케네스콜 남성 워싱 코튼 팬츠 치노 면바지 5포켓,베이지 / 90(36),g123,0,,0,0,,입고 기록 없음
181,cp:16340041106:폴리지 그린 / FREE,헬리녹스 3WAY 멀티 보딩백 26L 백팩 숄더백 브리프케이스 기내용 여행가방,폴리지 그린 / FREE,g124,0,,0,0,,입고 기록 없음
182,cp:16340041106:블랙 / FREE,헬리녹스 3WAY 멀티 보딩백 26L 백팩 숄더백 브리프케이스 기내용 여행가방,블랙 / FREE,g125,0,,0,0,,입고 기록 없음
183,cp:16310878767:30cm x 40.5cm,스테츠 그릴 트레이 일회용 석쇠 10매입,30cm x 40.5cm,g126,0,,0,0,,입고 기록 없음
184,cp:16299273341:1.428kg,"웨이더 플러스 단백질 보충제 1.428kg, 프로틴파우더, 코스트코 인기제품",1.428kg,g127,0,,0,0,,입고 기록 없음
185,cp:16294880149:750ml,"이볼루덤 미셀라 워터, 프랑스 메이크업 클렌징, 아침 세안, 코스트코 인기 제품",750ml,g128,0,,0,0,,입고 기록 없음
186,cp:16254079333:warm 조명,LED 캠핑등 스트링라이트 감성조명 텐트실내등 캠핑스트링라이트 캠핑감성조명 텐트등 캠핑무드등 캠핑조명,warm 조명,g129,0,,0,0,,입고 기록 없음
187,cp:16254079333:RGB조명,LED 캠핑등 스트링라이트 감성조명 텐트실내등 캠핑스트링라이트 캠핑감성조명 텐트등 캠핑무드등 캠핑조명,RGB조명,g130,0,,0,0,,입고 기록 없음
188,cp:16246407545:화이트+ 블랙 + 그린 + 레드 / 숟가락 + 젓가락,네오플램 레브 스텐 수저 커트러리 4종 세트 화이트 블랙 그린 레드,화이트+ 블랙 + 그린 + 레드 / 숟가락 + 젓가락,g131,0,,0,0,,입고 기록 없음
189,cp:16239782366:16g / 40개입,"바리스트커피볼, 코스트코 헤이즐럿 액상 커피",16g / 40개입,g132,0,,0,0,,입고 기록 없음
190,cp:16223494039:블랙 + 화이트 YS57-25072,"맥스빅팬 2개입, 팬이 커서 시원한 휴대용 선풍기",블랙 + 화이트 YS57-25072,g133,0,,0,0,,입고 기록 없음
191,cp:16209674288:단일상품,"콜맨 스크린 하우스, 콜맨 모기장 타프, 캠핑 벌레 차단 타프",단일상품,g134,0,,0,0,,입고 기록 없음
192,cp:16201283392:화이트,"티셔츠 보관함, 티셔츠 트레이, 옷정리 보관함, 옷정리 트레이, 서랍형 옷정리",화이트,g135,0,,0,0,,입고 기록 없음
194,cp:16185721165:화이트 / FREE,아이스트레이 원터치 얼음보관 얼음트레이,화이트 / FREE,g137,0,,0,0,,입고 기록 없음
195,cp:16184340738:라이트멜란지그레이 S,"컬럼비아 유니버시티 성인 반소매 티셔츠, 그래픽 라운드넥 반팔티셔츠",라이트멜란지그레이 S,g138,0,,0,0,,입고 기록 없음
196,cp:16184340738:라이트멜란지그레이 M,"컬럼비아 유니버시티 성인 반소매 티셔츠, 그래픽 라운드넥 반팔티셔츠",라이트멜란지그레이 M,g139,0,,0,0,,입고 기록 없음
197,cp:16184340738:라이트멜란지그레이 L,"컬럼비아 유니버시티 성인 반소매 티셔츠, 그래픽 라운드넥 반팔티셔츠",라이트멜란지그레이 L,g140,0,,0,0,,입고 기록 없음
198,cp:16184340738:라이트멜란지그레이 XL,"컬럼비아 유니버시티 성인 반소매 티셔츠, 그래픽 라운드넥 반팔티셔츠",라이트멜란지그레이 XL,g141,0,,0,0,,입고 기록 없음
199,cp:16184340738:차콜 S,"컬럼비아 유니버시티 성인 반소매 티셔츠, 그래픽 라운드넥 반팔티셔츠",차콜 S,g142,0,,0,0,,입고 기록 없음
200,cp:16184340738:차콜 M,"컬럼비아 유니버시티 성인 반소매 티셔츠, 그래픽 라운드넥 반팔티셔츠",차콜 M,g143,0,,0,0,,입고 기록 없음
201,cp:16184340738:차콜 L,"컬럼비아 유니버시티 성인 반소매 티셔츠, 그래픽 라운드넥 반팔티셔츠",차콜 L,g144,0,,0,0,,입고 기록 없음
202,cp:16184340738:차콜 XL,"컬럼비아 유니버시티 성인 반소매 티셔츠, 그래픽 라운드넥 반팔티셔츠",차콜 XL,g145,0,,0,0,,입고 기록 없음
203,cp:16184340738:블랙 S,"컬럼비아 유니버시티 성인 반소매 티셔츠, 그래픽 라운드넥 반팔티셔츠",블랙 S,g146,0,,0,0,,입고 기록 없음
204,cp:16184340738:블랙 M,"컬럼비아 유니버시티 성인 반소매 티셔츠, 그래픽 라운드넥 반팔티셔츠",블랙 M,g147,0,,0,0,,입고 기록 없음
205,cp:16184340738:블랙 L,"컬럼비아 유니버시티 성인 반소매 티셔츠, 그래픽 라운드넥 반팔티셔츠",블랙 L,g148,0,,0,0,,입고 기록 없음
206,cp:16184340738:블랙 XL,"컬럼비아 유니버시티 성인 반소매 티셔츠, 그래픽 라운드넥 반팔티셔츠",블랙 XL,g149,0,,0,0,,입고 기록 없음
207,cp:16174956177:FAN STAND 화이트네이비,루메나 탁상용 선풍기 STAND 4 (2개입),FAN STAND 화이트네이비,g150,0,,0,0,,입고 기록 없음
208,cp:16174721587:160g,레드씰 프로폴리스 민트 치약 뉴질랜드 입냄새제거 천연치약,160g,g151,0,,0,0,,입고 기록 없음
209,cp:16162067653:500정,코스트코 커클랜드 비타민C 1000mg 500정 대용량 고함량 면역력 영양기능식품,500정,g152,0,,0,0,,입고 기록 없음
210,cp:16278657003:화이트그레이 3단,"옷 늘어남 방지 접이식 니트 평건조대 속옷 양말 건조망, 니트 어깨 뿔 방지",화이트그레이 3단,g153,0,,0,0,,입고 기록 없음
211,cp:16278657003:화이트그레이 1단,"옷 늘어남 방지 접이식 니트 평건조대 속옷 양말 건조망, 니트 어깨 뿔 방지",화이트그레이 1단,g154,0,,0,0,,입고 기록 없음
213,cp:16269643214:white,"변형없는 브래지어 고급형 세탁망, 변형방지 브래지어 세탁망",white,g156,0,,0,0,,입고 기록 없음
215,cp:16239610526:L 혼합색상,디아도라 남성 냉감 브리프,L 혼합색상,g157,0,,0,0,,입고 기록 없음
216,cp:16229093066:화이트 / FREE,[CU]큐브 아이스 넥쿨러 2세대 여름 아이스 넥밴드 냉감 얼음스카프 쿨스카프 쿨링 넥밴드,화이트 / FREE,g158,0,,0,0,,입고 기록 없음
